model,avg_vram,peak_vram,avg_inf_time,avg_power,avg_util
YOLOv8s,237.75835724882512,366.0,0.018529656331076783,55.81894273001524,8.207633489775962
YOLOv8m,305.199178217861,457.0,0.02509647612175828,59.03821471228264,11.555867361186671
YOLOv8l,401.4377580899025,565.0,0.019344778510496218,62.4758429537187,16.973412178301274
YOLOv8x,519.2128728001297,670.0,0.03158367988597094,69.69141305763631,20.665111053748305
